title,id,vote_count,vote_average,original_language,runtime,production_companies,genres
Toy_Story,862,5415,7.7,en,81,Pixar_Animation_Studios,Comedy-Family
Jumanji,8844,2413,6.9,en,104,TriStar_Pictures,Adventure-Fantasy-Family
Grumpier_Old_Men,15602,92,6.5,en,101,Warner_Bros,Romance-Comedy
Waiting_to_Exhale,31357,34,6.1,en,127,Twentieth_Century_Fox_Film_Corporation,Comedy-Drama-Romance
Father_of_the_Bride_Part_2,11862,173,5.7,en,106,Sandollar_Productions_Touchstone_Pictures,Comedy
Heat,949,1886,7.7,en,170,Regency_Enterprises_Forward_Pass-Warner_Bros,Action-Crime-Drama-Thriller
Sabrina,11860,141,6.2,en,127,Paramount_Pictures-Scott_Rudin_Productions-Mirage_Enterprises-Sandollar_Productions-Constellation_Entertainment-iWorldwide-iMont_Blanc_Entertainment_GmbH,Comedy-Romance
Tom_and_Huck,45325,45,5.4,en,97,Walt_Disney_Pictures_,Action-Adventure-Drama-Family
Sudden_Death,9091,174,5.5,en,106,Universal_Pictures-Imperial_Entertainment-iSignature_Entertainment,Action-Adventure-Thriller
GoldenEye,710,1194,6.6,en,130,United_Artists-Eon_Productions,Adventure-Action-Thriller
The_American_President,9087,199,6.5,en,106,Columbi_aPictures-Castle_Rock_Entertainment,Comedy-Drama-Romance
Dracula_Dead_and_Loving_It,12110,210,5.7,en,88,Columbia_Pictures-Castle_Rock_Entertainment-Enigma_Pictures,Comedy-Horror
Balto,21032,423,7.1,en,78,Universal_Pictures-Amblin_Entertainment-Amblimation,Family-Animation-Adventure
Nixon,10858,72,7.1,en,192,Hollywoo__Pictures-Cinergi_Pictures_Entertainment,History-Drama
Cutthroat_Island,1408,137,5.7,en,119,Le_Studio_Canal-Laurence_Mark_Productions-Metro_Goldwyn_Mayer-Carolco_Pictures,Action-Adventure
Casino,524,1343,7.8,en,178,Universal_Pictures-Légende_Entreprises-iSyalis_DA-iDe_Fina_Cappa,Drama-Crime
Sense_and_Sensibility,4584,364,7.2,en,136,Columbia_Pictures_Corporation-Mirage_Enterprises,Drama-Romance
Four_Rooms,5,539,6.5,en,98,Miramax_Films-A_Band_Apart,Crime-Comedy
Ace_Ventura:_When_Nature_Calls,9273,1128,6.1,en,90,Warner_Bros-Morgan_Creek_Productions,Crime-Comedy-Adventure
Money_Train,11517,224,5.4,en,103,Columbia_Pictures,Action-Comedy-Crime
Get_Shorty,8012,305,6.4,en,105,Jersey_Films-Metro_Goldwyn_Mayer,Comedy-Thriller-Crime
Copycat,1710,199,6.5,en,124,Regency_Enterprises-New_Regency_Pictures,Drama-Thriller
Assassins,9691,394,6,en,132,Silver_Pictures-Canal-Warner_Bros-Dino_De_Laurentiis_Company-iDonner_Shuler_Donner_Productions-iEvansgideon_Lazar,Action-Adventure-Crime-Thriller
Powder,12665,143,6.3,en,111,Caravan_Pictures-Hollywood_Pictures,Drama-Fantasy-Science_Fiction-Thriller
Leaving_Las_Vegas,451,365,7.1,en,112,United_Artists-Intial_Productions,Drama-Romance
Othello,16420,33,7,en,123,Columbia_Pictures-Castle_Rock_Entertainment,Drama
Now_and_Then,9263,91,6.6,en,100,New_Line_Cinema,Comedy-Drama-Family
Persuasion,17015,36,7.4,en,104,BBC_Films,Drama-Romance
The_City_of_Lost_Children,902,308,7.6,fr,108,Procirep_Constellation_Productions-France_3_Cinéma-Claudie_Ossard_Productions-Eurimages-MEDIA_Programme_of_the_European_Union-Cofimage_5-Televisión_Espanola-Tele_Munchen_Fernseh_Produktions-gesellschaft-Club_dInvestissement_Media_canal_Espana,Fantasy-Science-FictionAdventure
Shanghai_Triad,37557,17,6.5,zh,108,Ministere_des_Affaires_Etrangeres-Alpha_Films-La_Sept_Cinema,Drama-Crime
Dangerous_Minds,9909,249,6.4,en,99,Hollywood_Pictures-Via_Rosa_Productions-iDon_Simpson-Jerry_Bruckheimer_Films,Drama-Crime
Twelve_Monkeys,63,2470,7.4,en,129,Universal_Pictures-Atlas_Entertainment-Classico,Science_Fiction-Thriller-Mystery
Wings_of_Courage,78802,4,6.8,fr,50,Iwerks_Entertainment,Romance-Adventure
Babe,9598,756,6,en,89,Universal_Pictures-Kennedy_Miller_Productions,Fantasy-Drama-Comedy-Family
Carrington,47018,16,6.4,en,121,StudioCanal-Cinea-Euston_Films-Freeway_Films-iEuropean_Co-production_Fund-iPolygram_Filmed_Entertainment-iOrsans_Productions,History-Drama-Romance
Dead_Man_Walking,687,350,7.3,en,122,Havoc-PolyGram_Filmed_Entertainment-Working_Title_Films,Drama
Across_the_Sea_of_Time,139405,2,3.5,en,51,Sony_New_Technologies,Adventure-History-Drama-Family
It_Takes_Two,33689,149,6.1,en,101,Dualstar_Productions-Warner_Bros-Rysher_Entertainment-iOrr_and_Cruickshank,Comedy-Family-Romance
Clueless,9603,828,6.9,en,97,Paramount_Pictures,Comedy-Drama-Romance
Cry_the_Beloved_Country,34615,13,6.7,en,106,Miramax-iDistant_Horizon-iAlpine_Pty_Limited,Drama
Richard_III,31174,50,6.9,en,104,British_Screen-Mayfair_Entertainment_International,Drama-War
Dead_Presidents,11443,80,6.6,en,119,Caravan_Pictures-Underworld_Entertainment-Hollywood_Pictures,Action-Crime-Drama-History
Restoration,35196,30,6.3,en,117,Miramax_Films,Drama-Romance
Mortal_Kombat,9312,452,5.4,en,101,New_Line_Cinema-Threshold_Entertainment,Action-Fantasy
To_Die_For,577,177,6.7,en,106,The_Rank_Organisation-Columbia_Pictures_Corporation,Fantasy-Drama-Comedy-Thriller
How_To_Make_An_American_Quilt,11861,38,6.5,en,116,Universal_Pictures-Amblin_Entertainment,Drama-Romance
Se7en,807,5915,8.1,en,127,New_Line_Cinema-Juno_Pix-Cecchi_Gori_Pictures,Crime-Mystery-Thriller
Pocahontas,10530,1509,6.7,en,81,Walt_Disney_PicturesWalt_Disney_Feature_Animation,Adventure-Animation-Drama-Family
When_Night_Is_Falling,8391,10,5.9,en,96,Alliance_Communications_Corporation,Drama-Romance
The_Usual_Suspects,629,3334,8.1,en,106,Blue_Parrot_Productions-Bad_Hat_Harry_Productions,Drama-Crime-Thriller
Mighty_Aphrodite,11448,145,6.7,en,95,Miramax_Films-Magnolia_Pictures,Comedy-Romance
The_Big_Green,26441,41,5.2,en,100,Walt_Disney_PicturesCaravan_Pictures,Action-Adventure-Comedy-Family
Georgia,97406,15,6.1,en,115,Miramax_Films-CiBy_2000,Drama
Kids_of_the_Round_Table,124057,1,3,en,89,Telefilm_Canada-Melenny_Productions,Adventure-Thriller-Family
Home_for_the_Holidays,9089,39,6.3,en,103,Paramount_PicturesEgg_Pictures-PolyGram_Filmed_Entertainment,Comedy-Drama-Romance
The_Postman,11010,181,7.6,it,108,Telefilm_Canada-Melenny_Productions,Comedy-Drama-Romance
The_Indian_in_the_Cupboard,11359,136,5.9,en,96,Paramount_Pictures-Columbia_Pictures_Corporation-The_Kennedy_Marshall_Company,Adventure-Family-Fantasy
Eye_for_an_Eye,17182,65,5.8,en,101,Paramount_Pictures,Drama-Thriller
Mr._Hollands_Opus,2054,115,6.9,en,137,Hollywood_Pictures-The_Charlie_Mopic_Company-PolyGram_Filmed_Entertainment-Interscope_Communications,Music-Drama-Family
Dont_Be_a_Menace_to_South_Central_While_Drinking_Your_Juice_in_the_Hood,10607,192,6.2,en,89,Miramax_Films-Island_Pictures-Ivory_Way_Productions,Comedy
Two_If_by_Sea,19760,14,4.5,en,96,Warner_Bros-Morgan_Creek_Productions,Comedy-Romance
Bio-Dome,9536,110,4.4,en,88,Metro-Goldwyn-Mayer-Motion_Picture_Corporation_of_America-i3_Arts_Entertainment-iWeasel_Productions,Comedy
Lawnmower_Man_2_Beyond_Cyberspace,11525,32,2.8,en,92,New_Line_Cinema,Action-Science-Fiction
Two_Bits,40628,11,5.4,en,85,Miramax_Films,Drama-Family
French_Twist,4482,43,6,fr,95,Renn_Productions-Les_Films_Flam-TF1_Films_Production-Canal,Comedy-Romance
Friday,10634,513,7,en,91,New_Line_Cinema,Comedy
From_Dusk_Till_Dawn,755,1644,6.9,en,108,A_Band_Apart-Dimension_Films-Los_Hooligans_Productions-iMiramax,Horror-Action-Thriller-Crime
Fair_Game,11859,54,4.1,en,91,Silver_Pictures-Warner_Bros,Action-Thriller-Romance
Kicking_and_Screaming,28387,36,7,en,96,Castleberg_Productions-Sandollar_Productions,Comedy-Drama-Romance
Les_Miserables,48750,8,6.6,fr,175,Les_Films_13-Canal-TF1,Drama-History
Bed_of_Roses,20927,27,5.1,en,87,New_Line_Cinema-Juno_Pix,Drama-Romance
Big_Bully,36929,16,3.9,en,90,Warner_Bros-Morgan_Creek_Productions,Comedy-Family
Screamers,9102,154,6.1,en,108,The_Movie_Network-Allegro_Films-Fuji_Eight_Company_Ltd-Fries_Film_Group-iSuper_Ecran-iTriumph_Films,Horror-Science_Fiction
Nico_Icon,124626,3,7.3,en,70,Zweites_Deutsches_Fernsehen-Ciak_Filmproduktion-iBluehorse_Films,Documentary
The_Crossing_Guard,27526,74,6.1,en,111,Miramax_Films,Drama-Thriller
The_Juror,9623,91,5.5,en,118,Columbia_Pictures_Corporation,Drama-Thriller
The_White_Balloon,46785,20,7.5,fa,85,I.R.I.B._Channel_2-iFerdos_Films,Family-Drama
Things_to_Do_in_Denver_When_Youre_Dead,400,87,6.7,en,116,Miramax_Films,Drama-Crime
Antonias_Line,880,26,7.2,nl,102,Bergen_Film-Bard_Entertainments-NPS_Televisie,Drama-Comedy
Once_Upon_a_Time..._When_We_Were_Colored,146599,2,4.5,en,115,BET_Pictures-iUnited_Image_Entertainme,Romance-Drama
Angels_and_Insects,8447,17,6.3,en,118,Playhouse_International_Pictures-The_Samuel_Goldwyn_Company,Drama-Romance
White_Squall,10534,86,6.3,en,129,Hollywood_Pictures-Largo_Entertainment-Scott_Free_Productions,Action-Drama
Dunston_Checks_In,17414,59,5.1,en,88,Twentieth_Century_Fox_Film_Corporation-Joe_Wizan_Todd_Black,Adventure-Comedy-Family
Black_Sheep,13997,124,6,en,87,Paramount_Pictures,Comedy
Nick_of_Time,2086,190,6.1,en,90,Paramount_Pictures,Crime-Drama-Thriller
The_Journey_of_August_King,61548,3,6.7,en,91,Miramax_Films-Addis_Wechsler_Pictures,Drama
Mary_Reilly,9095,77,5.7,en,104,TriStar_Pictures-NFH_Productions,Drama-Horror-Thriller-Romance
Vampire_in_Brooklyn,12158,113,4.5,en,100,Paramount_Pictures,Comedy-Horror-Romance
Beautiful_Girls,9283,103,6.6,en,112,Miramax_Films-Woods_Entertainment,Comedy-Drama-Romance
Broken_Arrow,9208,459,5.7,en,108,Twentieth_Century_Fox_Film_Corporation-WCG_Entertainment_Productions-Mark_Gordon_Productions,Action-Adventure-Drama-Thriller
A_Midwinters_Tale,40154,6,7.5,en,99,Castle_Rock_Entertainment-Midwinter_Films,Comedy
La_Haine,406,695,7.9,fr,98,Egg_Pictures-PolyGram_Filmed_Entertainment-Canal-Les_Productions_Lazennec-La_Sept_Cinéma-iKasso_Inc_Productions-iStudio_Image-iCofinergie_6,Drama
Shopping,45549,13,5.6,en,105,Channel_Four_Films,Action-Adventure-Drama-Science_Fiction-Thriller
Heidi_Fleiss:_Hollywood_Madam,63076,4,6.8,en,106,British_Broadcasting_Corporation-Westdeutscher_Rundfunk-Canadian_Broadcasting_Corporation,Documentary
City_Hall,11062,67,6,en,111,Columbia_PicturesCastle_Rock_Entertainment,Drama-Thriller
Bottle_Rocket,13685,285,6.8,en,91,Gracie_Films-Columbia_Pictures_Corporation,Comedy-Crime-Drama
Mr._Wrong,47475,16,3.3,en,96,Touchstone_Pictures,Comedy-Romance
Unforgettable,2045,22,5.3,en,106,Metro-Goldwyn-Mayer-Dino_De_Laurentiis_Company-iSpelling_Films,Drama-Mystery-Science_Fiction-Thriller
Happy_Gilmore,9614,767,6.5,en,92,Universal_Pictures-Brillstein-Grey_Entertainment-Robert_Simonds_Productions,Comedy
The_Bridges_of_Madison_County,688,397,7.3,en,135,Amblin_Entertainment-Malpaso_Productions-Warner_Bros,Drama-Romance
Muppet_Treasure_Island,10874,93,6.5,en,100,Walt_Disney_Pictures-Jim_Henson_Productions-Jim_Henson_Company,Action-Comedy-Music-Family-Adventure
Catwalk,89333,2,7,en,95,Walt_Disney_Pictures,Documentary
Headless_Body_in_Topless_Bar,96357,0,0,en,110,Castle_Rock_Entertainment-Midwinter_Films,Crime
Braveheart,197,3404,7.7,en,177,Icon_Entertainment_International-The_Ladd_Company-BH_Finance,Action-Drama-History-War
Taxi_Driver,103,2632,8.1,en,114,Columbia_Pictures_Corporation-Italo_and-Judeo_Productions-iBill_Phillips,Crime-Drama
Rumble_in_the_Bronx,33542,245,6.5,cn,91,New_Line_Cinema-Golden_Harvest_Company,Crime-Action-Comedy-Thriller
Before_and_After,43566,37,5.8,en,108,Caravan_Pictures-Hollywood_Pictures,Drama-Thriller
Margarets_Museum,71754,2,7.5,en,114,Telefilm_Canada-Skyline_Films-Malofilm-Societe_de_Developpement_des_Entreprises_Culturelles-British_Screen_Productions-iNational_Film_Board_of_Canada-iimX_Communications-iGlace_Bay_Pictures-iCine_Tele_Action-iNova_Scotia_Film_Development_Corporation-iRanfilm,Drama
Happiness_Is_in_the_Field,43612,23,7,en,106,France_2_Cinema-France_3_Cinema-StudioCanal-Les_Productions_du_Champ_Poirier-Telema_Productions,Comedy
Anne_Frank_Remembered,51352,4,7.3,en,117,Caravan_Pictures-Hollywood_Pictures,Documentary-Drama-Foreign
The_Young_Poisoners_Handbook,16934,19,6.9,en,99,Bavaria_Film_and_Television_Fund,Comedy-Crime-Drama
If_Lucy_Fell,10324,11,5.4,en,92,TriStar_Pictures-Motion_Picture_Corporation_of_America,Comedy-Romance
Steal_Big_Steal_Little,78406,7,5.1,en,113,Savoy_Pictures,Comedy-Drama
Race_the_Sun,55731,21,5.2,en,100,TriStar_Pictures,Action-Adventure-Comedy-Drama-Family
The_Boys_of_St._Vincent,32119,7,7,en,90,TriStar_Pictures,Drama
Boomerang,11066,139,5.4,en,117,Paramount_Pictures,Comedy-Romance
Chungking_Express,11104,249,7.9,cn,102,Jet_Tone_Production-The_Criterion_Collection,Drama-Comedy-Romance
The_Star_Maker,37975,29,6.8,it,113,Cecchi_Gori_Group_Tiger_Cinematografica,Drama-Romance
Flirting_with_Disaster,2074,66,6.3,en,92,Miramax_Films,Comedy-Romance
The_Neverending_Story_III:_Escape_from_Fantasia,27793,105,4.4,en,95,Studio_Babelsberg-Dieter_Geissler_Filmproduktion-Cinevox_Filmproduktion_GmbH-Warner_Bros-_Miramax,Fantasy
The_Silences_of_the_Palace,44284,3,4.3,ar,116,Canal_Horizons-iMat_Films-iCinetelefilms,Drama
Pie_in_the_Sky,110972,2,7,en,95,Canal_Horizons-iMat_Films-iCinetelefilms,Comedy-Romance
Angela,32622,9,5.6,en,99,Miramax_Films,Comedy-Drama
Frankie_Starlight,73067,4,5.4,it,101,Fine_Line_FeaturesChannel_Four_Films-Bord_Scannan_na_hEireann-Canal,Drama-Romance-War
Jade,11863,45,5.1,en,95,Paramount_Pictures,Action-Thriller-Mystery-Romance
Nueba_Yol,55475,1,5.5,es,102,Cigua_Films-iDPelicula,Comedy-Drama-Romance
Sonic_Outlaws,124636,0,0,en,87,Paramount_Pictures,Music-Documentary
Down_Periscope,9101,110,5.6,en,92,Twentieth_Century_Fox_Film_Corporation,Comedy
From_the_Journals_of_Jean_Seberg,123360,2,6.5,en,97,Couch_Potatoe_Productions,Documentary
Man_of_the_Year,5757,2,3.8,en,86,Couch_Potatoe_Productions,Comedy
The_Neon_Bible,39428,5,7.2,en,91,Channel_Four_Films-Academy-iMayfair_Films-iIberoamerica_Films,Drama
Up_Close_&_Personal,9302,51,5.9,en,119,Cinergi_Pictures_Entertainment-Touchstone_Pictures,Drama-Romance
The_Birdcage,11000,303,6.7,en,117,United_Artists,Comedy
Virgin_Mary,249882,2,7,en,125,United_Artists,Drama
The_Brothers_McMullen,16388,23,6.3,en,98,Fox_Searchlight_Pictures,Comedy-Drama-Romance
Bad_Boys,9737,1729,6.5,en,118,Columbia_PicturesDon_Simpson_and_Jerry_Bruckheimer_Films,Action-Comedy-Crime-Thriller
The_Amazing_Panda_Adventure,30765,31,5,en,81,Warner_Bros.,Action-Adventure-Drama-Family
The_Basketball_Diaries,10474,472,7.2,en,102,New_Line_Cinema-Island_Pictures,Drama-Crime
An_Awfully_Big_Adventure,22279,11,6,en,113,Fine_Line_FeaturesBBC-British_Screen_Productions-iPortman_Productions,Romance-Drama-Comedy
Amateur,30157,21,6.5,en,105,Channel_Four_Films-Zenith_Entertainment-American_Playhouse-Union_Generale_Cinematographique-La_Sept_Cinema-iTrue_Fiction_Pictures,Crime-Comedy-Drama-Thriller
Apollo_13,568,1637,7.3,en,140,Imagine_Entertainment-Universal_Pictures,Drama
Rob_Roy,11780,151,6.5,en,139,United_Artists-Talisman_Productions,Adventure
The_Addiction,34996,46,6.4,en,82,October_Films-Guild-Fastnet_Films,Drama-Horror
Batman_Forever,414,1529,5.2,en,121,Warner_Bros-Polygram_Filmed_Entertainment,Action-Crime-Fantasy
Belle_de_Jour,649,163,7.3,fr,101,Paris_Films_Productions-Five_Films-Robert_et_Raymond_Hakim,Drama-Romance
Beyond_Rangoon,1873,21,6.4,en,100,Columbia_PicturesCastle-Rock_Entertainment,Drama-Thriller 
Blue_in_the_Face,5894,28,6.8,en,83,Miramax_Films-InterAL,Comedy
Canadian_Bacon,1775,57,5.9,en,91,PolyGram_Filmed_Entertainment,Action-Comedy
Casper,8839,1045,6,en,100,Universal_Pictures-Amblin_Entertainment-The_Harvey_Entertainment_Company,Fantasy-Comedy-Family
Clockers,20649,69,6.8,en,128,Universal_Pictures-40_Acres_&_A_Mule_Filmworks,Mystery-Crime-Drama
Congo,10329,214,5,en,109,Paramount_PicturesKennedy/Marshall_Company,_Action-Adventure-Drama-Mystery-Science_Fiction-Thriller
Crimson_Tide,8963,508,7,en,116,Hollywood_Pictures-Don_Simpson_and_Jerry_Bruckheimer_Films,Action-Thriller-Drama
Crumb,26564,71,7.6,en,119,Superior_Pictures,Documentary
Desperado,8068,898,6.8,en,104,Columbia_PicturesLos_Hooligans_Productions,Thriller-Action-Crime
Devil_in_a_Blue_Dress,8512,88,6.3,en,102,TriStar_Pictures-Mundy_Lane_Entertainment,Drama-Mystery-Thriller
Die_Hard:_With_a_Vengeance,1572,2094,6.9,en,128,Twentieth_Century_Fox_Film_Corporation-Cinergi_Pictures_Entertainment,Action-Thriller
The_Doom_Generation,13552,57,5.6,en,80,Why_Not_Productions-Desperate_Pictures-Blurco-The_Teen_Angst_Movie_Company,Action-Comedy-Crime-Drama
Feast_of_July,259209,0,0,en,116,Touchstone_Pictures-Merchant_Ivory_Productions,Drama-Crime
First_Knight,6520,319,5.9,en,134,Columbia_Pictures_Corporation-First_Knight_Productions,Action-Adventure-Drama-Romance
Free_Willy_2_-_The_Adventure_Home,9073,130,5.5,en,95,Regency_Enterprises-Alcor_Films-Canal-Donner_and_Shuler-Donner_Productions-Warner_Bros,Adventure
Hackers,10428,406,6.2,en,107,United_Artists-Suftley,Action-Crime-Thriller-Drama
Jeffrey,17447,19,6.5,en,92,The_Booking_Office-iWorkin_Man_Films,Comedy-Drama-Romance
Johnny_Mnemonic,9886,380,5.5,en,97,TriStar_Pictures-Alliance_Communications_Corporation,Adventure-Action-Drama-Science_Fiction-Thriller
Judge_Dredd,9482,643,5.4,en,96,Hollywood_Pictures-Cinergi_Pictures_Entertainment,Science_Fiction
Jury_Duty,19326,34,4,en,88,TriStar_Pictures,Comedy-Drama
Kids,9344,280,6.8,en,91,Miramax_Films,Drama-Crime
Living_in_Oblivion,9071,64,7.2,en,89,JDI_productions-iLemon_Sky_Productions,Drama-Comedy
Lord_of_Illusions,8973,87,5.9,en,119,United_Artists-Seraphim_Films,Mystery-Horror-Thriller
Love_&_Human_Remains,15730,7,7,en,100,The_Ontario_Film_Development_Corporation-First_Choice_Films-Atlantis_Films-Telefilm_Canada-Max_Films_Productions-Super_Ecran-iSociete_Generale_des_Industries,Comedy-Drama
Mad_Love,47608,27,5.5,en,95,Touchstone_Pictures,Drama-Family-Romance
Mallrats,2293,400,6.8,en,94,Universal_Pictures-Gramercy_Pictures-Alphaville_Films-iView_Askew_Productions,Romance-Comedy
Mighty_Morphin_Power_Rangers:_The_Movie,9070,153,5.2,en,92,Twentieth_Century_Fox_Film_Corporation-Saban_Entertainment-Toei_Company,Action-Adventure-Science_Fiction-Family_Fantasy
Moonlight_and_Valentino,68274,10,5.6,en,100,PolyGram_Filmed_Entertainment-Working_Title_Films,Comedy-Drama-Romance
Mute_Witness,48787,36,6.4,en,95,Comet_Film_Produktion_GmbH-iAvrora_Media-iCobblestone_Pictures,Thriller-Foreign
Nadja,34574,12,5.9,en,93,Kino_Link_Company,Horror-Thriller
The_Net,1642,359,5.6,en,114,Columbia_Pictures,Crime-Drama-Mystery-Thriller-Action
Nine_Months,11472,171,5.5,en,103,Twentieth_Century_Fox_Film_Corporation-1492_Pictures,Comedy
Party_Girl,36196,14,5.8,en,94,Party_Productions,Comedy
The_Prophecy,11980,139,6.4,en,98,Dimension_Films,Fantasy-Horror-Thriller
Reckless,58372,1,10,en,91,Playhouse_International_Pictures-American_Playhouse-Samuel_Goldwyn_Company,Fantasy-Comedy-Drama
Safe,32646,62,7.2,en,119,Killer_Films-American_Playhouse-Kardana_Films-iChemical_Films,Drama
The_Scarlet_Letter,10533,111,5.5,en,135,Hollywood_Pictures-Cinergi_Pictures_Entertainment,Drama-History-Romance
The_Show,56088,2,5.3,en,93,Hollywood_Pictures-Cinergi_Pictures_Entertainment,Documentary
Showgirls,10802,261,4.9,en,128,United_Artists-Le_Studio-Canal-Carolco_Pictures,Drama
Smoke,10149,115,7.2,en,112,Miramax_Films,Comedy-Drama
Something_to_Talk_About,18402,60,5.7,en,106,Spring_Creek_Productions-Warner_Bros-Hawn_and_Sylbert_Movie_Company,Comedy
Species,9348,457,5.5,en,108,Metro-Goldwyn-Mayer,Science_Fiction-Horror-Action
The_Stars_Fell_on_Henrietta,139408,6,6.6,en,109,Malpaso_Productions-Butchers_Run_Films-Warner_Bros,Drama
Strange_Days,281,334,6.8,en,145,Lightstorm_Entertainment,Crime-Drama-Science_Fiction-Thriller
The_Umbrellas_of_Cherbourg,5967,119,7.6,fr,91,Beta_Film-Madeleine_Films-Parc_Film,Drama-Romance
The_Tie_That_Binds,79593,9,4.6,en,99,Hollywood_Pictures-PolyGram_Filmed_Entertainment-Interscope_Communications,Thriller
Three_Wishes,47939,18,6.1,en,115,Savoy_Pictures,Drama-Fantasy
Total_Eclipse,36834,112,6.5,en,111,Societe_Francaise_de_Production-FIT_Productions-iPortman_Productions,Drama-Romance
To_Wong_Foo_Thanks_for_Everything_Julie_Newmar,9090,117,6.3,en,105,Universal_Pictures-Amblin_Entertainment,Comedy
Under_Siege_2_Dark_Territory,3512,217,5.6,en,100,Regency_Enterprises-Warner_Bros-Seagal_and_Nasso_Productions-iVictor_Company_of_Japan-iCutting_Edge_Films,Action-Thriller
Unstrung_Heroes,52856,9,6.4,en,93,Hollywood_Pictures,Comedy-Drama-Family
Unzipped,77350,6,6,en,73,Hollywood_Pictures,Documentary
A_Walk_in_the_Clouds,9560,168,6.5,en,103,Twentieth_Century_Fox_Film_Corporation-Zucker_Brothers_Productions,Drama-Romance
Waterworld,9804,1017,5.9,en,135,Universal_Pictures-Gordon_Company-Davis_Entertainment-Licht_and_Mueller_Film_Corporation,Adventure-Action
White_Mans_Burden,31611,25,5.1,en,89,HBO-A_BandApart-Rysher_Entertainment,Drama
Wild_Bill,65796,27,5.9,en,98,United_Artists,Action-Western
The_Browning_Version,49805,11,6,en,97,Paramount_Pictures,Drama
Bushwhacked,26258,29,4.9,en,90,Twentieth_Century_Fox_Film_Corporation,Adventure-Action-Comedy-Crime-Family
Burnt_by_the_Sun,50797,35,6.7,ru,135,Canal-Studio_Trite-Camera_One,Drama
Before_the_Rain,19155,45,7.7,en,113,PolyGram_Audiovisuel-British_Screen_Productions,Drama-War
Before_Sunrise,76,984,7.7,en,105,Detour_Film_Production-Warner_Bros,Drama-Romance
Billy_Madison,11017,464,6.2,en,89,Jack_Giarraputo_Productions,Comedy
The_Babysitter,37141,27,4.7,en,90,Spelling_Films_International,Drama-Thriller
Boys_on_the_Side,9382,48,6.3,en,115,Regency_Enterprises-Alcor_Films-Canal-New_Regency_Pictures-iHera_Productions,Comedy-Drama
The_Cure,6715,58,7.2,en,97,Universal_Pictures-Island_World,Drama-Family
Castle_Freak,18256,40,5.8,en,95,Full_Moon_Entertainment,Thriller-Drama-Horror-Mystery
Circle_of_Friends,22625,30,6.5,en,103,The_Rank_Organisation-Bord_Scannan_na_hEireann-Lantana-Price_Entertainment,Drama-Family-Romance
Clerks,2292,769,7.4,en,92,Miramax_Films-View_Askew_Productions,Comedy
Don_Juan_DeMarco,1909,184,6.3,en,97,New_Line_Cinema-American_Zoetrope,Romance-Drama-Comedy
Disclosure,8984,217,5.9,en,123,Warner_Bros-Baltimore_Pictures,Drama-Thriller-Crime-Mystery-Romance
Dream_Man,61813,1,2.5,en,0,Keystone_Pictures-iDream_Man_Productions_Inc,Thriller
Drop_Zone,4954,91,5.1,en,101,Paramount_Pictures,Action-Adventure-Thriller
Destiny_Turns_on_the_Radio,62488,9,5.3,it,0,Savoy_Pictures-iRysher_Entertainment,Crime-Comedy-Fantasy
Death_and_the_Maiden,10531,92,7.1,en,103,Fine_Line_FeaturesChannel_Four_Films-Capitol_Films-TF1_Films_Production-Canal-Flach_Film-Les_Films_de_lAstre,Drama-Thriller-Mystery
Dolores_Claiborne,11929,183,7.1,en,132,Castle_Rock_Entertainment-Columbia_Pictures_Corporation,Crime-Drama-Mystery
Dumb_and_Dumber,8467,1894,6.5,en,107,New_Line_Cinema-Motion_Picture_Corporation_of_America,Comedy
Eat_Drink_Man_Woman,10451,76,7.5,zh,123,Ang_Lee_Productions-Good_Machine-iCentral_Motion_Pictures,Comedy-Drama-Romance
Exotica,20156,64,6.5,en,103,Miramax_Films-Alliance_Entertainment-iEgo_Film_Arts,Drama-Mystery
Exit_to_Eden,18395,28,4.3,en,113,Savoy_Pictures,Thriller-Comedy-Crime-Romance
Ed_Wood,522,639,7.3,en,127,Touchstone_Pictures,Comedy-Drama-History
French_Kiss,397,179,6.2,en,111,Twentieth_Century_Fox_Film_Corporation-PolyGram_Filmed_Entertainment-Working_Title_Films-iPrufrock_Pictures,Comedy-Romance
Forget_Paris,10525,38,6.1,en,101,Columbia_PicturesCastle_Rock_Entertainment,Comedy-Drama-Romance
Far_from_Home:_The_Adventures_of_Yellow_Dog,27985,27,5.6,en,87,Twentieth_Century_Fox_Film_Corporation,Action-Adventure-Drama-Family
A_Goofy_Movie,15789,404,6.7,en,78,Walt_Disney_Pictures,Romance-Animation-Family-Comedy-Adventure
Hideaway,27303,24,5,en,103,TriStar_Pictures,Drama-Thriller
Fluke,21183,48,6.6,en,96,Metro-Goldwyn-Mayer,Drama-Family-Fantasy
Farinelli,10954,20,5.9,fr,111,Italian_International_Film-Stephan_Films-MG,History-Drama
Gordy,47867,4,3,en,90,Italian_International_Film-Stephan_Films-MG,Drama-Family-Fantasy
Gumby:_The_Movie,43475,2,5,en,77,Walt_Disney_Pictures,Fantasy-Animation-Science_Fiction-Family
The_Glass_Shield,72031,9,5.4,en,109,Miramax_Films,Drama-Action-Thriller-Crime
Hoop_Dreams,14275,91,7.7,en,171,Fine_Line_FeaturesKartemquin_Films,Documentary
Heavenly_Creatures,1024,299,6.9,en,99,WingNut_Films-Miramax_Films-New_Zealand_Film_Commission-Fontana_Productions,Drama-Fantasy
Houseguest,17207,17,6,en,113,Caravan_Pictures-Hollywood_Pictures,Comedy-Family
Immortal_Beloved,13701,90,6.9,en,121,Columbia_PicturesMajestic_Films_International-Icon_Entertainment_International,Drama-Music-Romance
Heavyweights,14819,97,6,en,100,Walt_Disney_PicturesCaravan_Pictures,Comedy-FamilyDrama
The_Hunted,32631,25,6,en,106,Universal_Pictures-Bregman_and_Baer_Productions,Action-Thriller
I.Q.,11777,112,5.9,en,100,Paramount_Pictures,Comedy-Drama-Romance
Interview_with_the_Vampire,628,1558,7.2,en,123,Geffen_Pictures,Horror-Romance
Jefferson_in_Paris,87729,10,5.2,en,139,Merchant_Ivory_Productions-Touchstone_Pictures,Drama-Romance
The_Jerky_Boys,18713,10,4.8,en,82,Caravan_Pictures-Touchstone_Pictures,Comedy-Crime
Junior,6280,381,4.7,en,109,Universal_Pictures-Northern_Lights_Entertainment,Comedy-Family-Romance
Just_Cause,9061,124,6,en,102,Fountainbridge_Films-Warner_Bros-Lee_Rich_Productions,Action-Drama-Mystery-Thriller
A_Kid_in_King_Arthurs_Court,37108,40,4.3,en,89,Walt_Disney_PicturesTrimark_Pictures,Adventure-Fantasy-Comedy-Science_Fiction-Family
Kiss_of_Death,6071,83,5.7,en,101,Twentieth_Century_Fox_Film_Corporation,Action-Crime-Drama-Thriller
Star_Wars,11,6778,8.1,en,121,LucasfilmTwentieth_Century_Fox_Film_Corporation,Adventure-Action-Science_Fiction
Little_Women,9587,222,7,en,115,Columbia_Pictures,Drama-Romance
A_Little_Princess,19101,207,7.4,en,97,Warner_Bros,Drama-Family-Fantasy
Ladybird_Ladybird,49980,14,7.4,en,101,Channel_Four_Films-Parallax_Pictures,Drama
LEnfer,17961,22,6.6,fr,100,MK2_Productions,Crime-Drama
Like_Water_for_Chocolate,18183,70,6.6,es,105,Aviacsa-iCinevista,Drama-Romance
Legends_of_the_Fall,4476,636,7.2,en,133,Bedford_Falls_Productions-TriStar_Pictures-Pangaea,Adventure-Drama-Romance-War
Major_Payne,11008,164,6.1,en,95,Universal_Pictures,Adventure-Comedy-Family
Little_Odessa,47504,31,6.4,en,98,Fine_Line_FeaturesNew_Line_Cinema-Live_Entertainment,Action-Drama
Mi_Vida_Loca,32325,9,5.7,en,92,Channel_Four_Films-Cineville-Home_Box_Office-Showcase_Entertaiment_Inc,Crime-Drama
Love_Affair,43742,11,4.3,en,108,Warner_Bros,Drama-Romance
Losing_Isaiah,28313,28,6.4,en,106,Paramount_Pictures,Drama
The_Madness_of_King_George,11318,67,6.7,en,107,Channel_Four_Films-Samuel_Goldwyn_Company-Close_Call_Films,Comedy-Drama-History
Mary_Shelleys_Frankenstein,3036,272,6.1,en,123,American_Zoetrope-TriStar_Pictures,Drama-Horror-Science_Fiction-Romance
Man_of_the_House,40490,40,5.1,en,96,Walt_Disney_Pictures,Action-Comedy-Family
Mixed_Nuts,24070,37,5.2,en,97,TriStar_Pictures,Comedy-Drama-Romance
Milk_Money,8986,49,5.6,en,108,Paramount_PicturesThe_Kennedy_and_Marshall_Company,Comedy-Romance
Miracle_on_34th_Street,10510,199,6.4,en,114,Twentieth_Century_Fox_Film_Corporation,Fantasy-Drama-Family
Miami_Rhapsody,17402,7,5.6,en,95,Hollywood_Pictures,Comedy-Romance
My_Family,38722,11,7,en,128,American_Zoetrope-American_Playhouse-Majestic_Films_International-iNewcomb_Productions,Comedy-Drama
Murder_in_the_First,8438,140,6.9,en,122,Wolper_Organization-Warner_Bros,Crime-Drama
Nobodys_Fool,11593,56,7,en,110,Paramount_PicturesCapella_International-Cinehaus,Drama-Comedy
Nell,1945,128,6.1,en,112,Twentieth_Century_Fox_Film_Corporation-Egg_Pictures-PolyGram_Filmed_Entertainment,Drama-Thriller
New_Jersey_Drive,39310,7,6.9,en,98,40_Acres_And_A_Mule_Filmworks,Crime-Drama
New_York_Cop,109560,0,0,en,93,TOEI-Distant_Justice_Joint_Venture,Action-Thriller-Crime-Drama
Beyond_Bedlam,56428,4,4,en,89,Metrodome_Films,Horror
Nemesis_2_Nebula,63105,10,4.6,en,83,Filmwerks-Imperial_Entertainment,Science_Fiction-Action-Thriller
Nina_Takes_a_Lover,131957,4,7.4,en,100,Triumph_Films,Drama-Romance
Natural_Born_Killers,241,927,6.9,en,119,Regency_Enterprises-Alcor_Films-Ixtlan-Warner_Bros-New_Regency_Pictures-iJ_D_Productions,Crime-Thriller-Drama
Only_You,9058,92,6.4,en,115,TriStar_Pictures,Comedy-Drama-Romance
Once_Were_Warriors,527,106,7.6,en,99,Avalon_Studios-New_Zealand_Film_Commission-New_Zealand_On_Air,Drama
Poison_Ivy_II:_Lily,18220,32,4.6,en,106,New_Line_Cinema-CineTel_Pictures-iMG_Entertainment,Drama-Romance-Thriller
Outbreak,6950,522,6.4,en,127,Kopelson_Entertainment-Punch_Productions-Warner_Bros-Arnold_Kopelson_Productions,Action-Drama-Science_Fiction-Thriller
Leon_The_Professional,101,4293,8.2,fr,110,Columbia_Pictures-Gaumont,Thriller-Crime-Drama
The_Perez_Family,63020,9,6.6,en,113,Samuel_Goldwyn_Company-The,Comedy-Drama-Romance
A_Pyromaniacs_Love_Story,2307,2,7,en,94,Hollywood_Pictures,Comedy-Drama-Romance
Pulp_Fiction,680,8670,8.3,en,154,Miramax_Films-A_Band_Apart-Jersey_Films,Thriller-Crime
Panther,41478,6,6.4,en,124,Polygram_Filmed_Entertainment-iGramercy_Pictures-iMVP_Films,Drama
Pushing_Hands,25296,9,6.1,zh,105,Ang_Lee_Productions,Comedy-Drama
Priest,40156,32,6.4,en,98,BBC_Films-PolyGram_Filmed_Entertainment-Miramax,Drama-Romance
Quiz_Show,11450,262,7.1,en,133,Wildwood_Enterprises-Hollywood_Pictures-Baltimore_Pictures,History-Drama
Picture_Bride,30304,5,7.4,en,94,Cecile_Company-iThousand_Cranes_Filmworks,Drama-History
Queen_Margot,10452,67,7,fr,162,Renn_Productions-Eurimages-Canal-ARD_And_Degeto_Film_GmbH-D_A_Films-France2_Cinema-WMG_Film-Centre_National_de_la_Cinematographie-Miramax-iRCS_Films_And_TV,Drama-History
The_Quick_and_the_Dead,12106,431,6.2,en,107,TriStar_Pictures,Action-Western
Roommates,161495,7,6.4,sv,108,Hollywood_Pictures-Interscope_Communications-iNomura_Babcock_And_Brown,Drama-Comedy
Pret-a-Porter,3586,33,5.3,en,133,Miramax_Films,Drama-Comedy
Three_Colors_Red,110,246,7.8,fr,99,Zespol_Filmowy_TOR-Le_Studio-Canal-France_3_Cinema-Television_Suisse-Romande,Drama-Mystery-Romance
Three_Colors_Blue,108,311,7.7,fr,98,France_3_Cinema-CED_Productions,Drama-Music-Mystery
Three_Colors_White,109,218,7.3,fr,91,Le_Studio-Canal-France_3_Cinema-Eurimages,Comedy-Drama-Mystery
Red_Firecracker_Green_Firecracker,159185,2,7,zh,111,Ang_Lee_Productions,Drama
Rent_a_Kid,36357,15,5.1,en,85,Triumph_Films,Comedy-Family-TV_Movie
Relative_Fear,92769,3,4.7,en,90,Allegro_Films-Norstar_Entertainment-iwest_wind_entertainment,Horror-Drama
Stuart_Saves_His_Family,28033,6,5,en,95,Paramount_Pictures,Comedy-Drama
The_Swan_Princess,22586,251,6.5,en,89,Rich_Animation_Studios,Animation
The_Secret_of_Roan_Inish,14334,15,6.1,en,97,Jones_Entertainment_Group-iSkerry_Productions,Drama-Family-Fantasy
The_Specialist,2636,317,5.5,en,110,Jerry_Weintraub_Productions-Warner_Bros-Iguana_Producciones,Action-Thriller
Stargate,2164,942,6.8,en,121,Centropolis_Entertainment_Studio-Canal-Carolco_Entertainment,Action-Adventure-Science_Fiction
The_Santa_Clause,11395,501,6.3,en,97,Walt_Disney_Pictures-Hollywood_Pictures,Fantasy-Drama-Comedy-Family
The_Shawshank_Redemption,278,8358,8.5,en,142,Castle_Rock_Entertainment-Warner_Bros,Drama-Crime
Shallow_Grave,9905,247,7,en,92,Channel_Four_Films-Figment_Films-The_Glasgow_Film_Fund-PolyGram_Filmed_Entertainment,Crime-Thriller
Suture,87078,7,6,en,96,Kino_Korsakoff,Drama-Thriller
Strawberry_and_Chocolate,12527,16,7.1,es,108,Miramax_Films-Tabasco_films-Instituto_Mexicano_de_Cinematografia-TeleMadrid,Comedy-Drama
Swimming_with_Sharks,20306,104,6.7,en,101,Cineville-Trimark_Pictures,Crime-Comedy
The_Sum_of_Us,36614,21,6,en,100,Samuel_Goldwyn_Company,Comedy-Drama-Romance
Senior_Trip,27993,23,5.7,en,91,New_Line_Cinema-1992_Number_Four_Limited_Partnership-MHA,Comedy
To_Live,31439,62,7.7,zh,125,Shanghai_Film_Studios-Era_International_Ltd,Drama-Romance-War
Tank_Girl,9067,140,5.5,en,98,Trilogy_Entertainment_Group,Action-Comedy-Fantasy-Science_Fiction
Tales_from_the_Crypt_Demon_Knight,9059,96,6.7,en,92,Universal_Pictures-Tales_From_The_Crypt_Holdings,Horror-Comedy-Thriller
Star_Trek_Generations,193,461,6.4,en,118,Paramount_Pictures,Science_Fiction-Action-Adventure-Thriller
Tales_from_the_Hood,25066,33,5.4,en,98,40_Acres_And_A_Mule_Filmworks-Savoy_Pictures,Crime-Horror-Thriller
Tom_And_Viv,46797,8,5.8,en,115,Samuel_Goldwyn_Company,Drama-Romance
Village_of_the_Damned,12122,165,5.6,en,99,Universal_Pictures,Thriller-Horror-Science_Fiction
Tommy_Boy,11381,321,6.8,en,97,Paramount_Pictures,Comedy
Vanya_on_42nd_Street,32636,15,6.1,en,119,Sony_Pictures_Classics,Drama-Romance
The_Underneath,36141,15,5.6,en,99,Populist_Pictures,Thriller-Crime
The_Walking_Dead,95963,4,6.6,en,88,Savoy_Pictures-iPrice_Entertainment-iJackson_And_McHenry_Company,Drama-War
Whats_Eating_Gilbert_Grape,1587,943,7.5,en,118,Paramount_Pictures,Romance-Drama
Virtuosity,9271,163,5.4,en,106,Paramount_Pictures,Action-Crime-Science_Fiction-Thriller
While_You_Were_Sleeping,2064,340,6.5,en,103,Caravan_Pictures-Hollywood_Pictures,Comedy-Drama-Romance
The_War,19855,39,6.3,en,126,Universal_Pictures,Drama
Double_Happiness,60855,2,5.5,en,87,Fine_Line_FeaturesTelefilm_Canada-First_Generation_Films-National_Film_Board_of_Canada-iBritish_Columbia_Film_Commission,Comedy-Romance
Muriels_Wedding,236,104,6.9,en,106,Ciby_2000-Film_Victoria-iHouse_And_Moorhouse_Films,Drama-Comedy-Romance
The_Baby-Sitters_Club,48287,23,5.3,en,94,Columbia_Pictures_Corporation-Beacon_Pictures,Comedy-Drama-Family
Ace_Ventura_Pet_Detective,3049,1684,6.4,en,86,Warner_Bros-Morgan_Creek_Productions,Comedy-Mystery
The_Adventures_of_Priscilla_Queen_of_the_Desert,2759,174,7.2,en,104,PolyGram_Filmed_Entertainment,Drama-Comedy
Backbeat,12635,37,6.2,en,100,Gramercy_Pictures,Drama-Music
Bitter_Moon,10497,115,7,en,139,Fine_Line_Features-R_P_Productions-Columbia_Pictures_Corporation-Les_Films_Alain_Sarde-Canal-Timothy_Burrill_Productions,Thriller-Drama-Romance
Bullets_Over_Broadway,11382,130,7,en,98,Miramax_Films,Action-Comedy-Thriller
Clear_and_Present_Danger,9331,390,6.4,en,141,Paramount_Pictures-Mace_Neufeld_Productions,Action-Drama-Thriller
The_Client,10731,287,6.4,en,119,Regency_Enterprises-Alcor_Films-Warner_Bros,Drama-Thriller-Crime-Mystery
Corrina_Corrina,10464,83,6.4,en,115,New_Line_Cinema,Comedy-Drama-Family-Romance
Crooklyn,34152,31,6.7,en,115,Universal_Pictures-40_Acres_And_A_Mule_Filmworks,Comedy-Drama
The_Crow,9495,980,7.3,en,102,Miramax_Films-Crowvision_Inc-Entertainment_Media_Investment_Corporation-Jeff_Most_Productions-Edward_R_Pressman_Film,Fantasy-Action-Thriller
Cobb,29973,29,6.1,en,128,Regency_Enterprises-Alcor_Films-Warner_Bros-Aleor_Films,Drama
The_Flintstones,888,559,5,en,91,Universal_Pictures-Amblin_Entertainment-Hanna-Barbera_Productions,Fantasy-Comedy-Family
Forrest_Gump,13,8147,8.2,en,142,Paramount_Pictures,Comedy-Drama-Romance
Four_Weddings_and_a_Funeral,712,654,6.6,en,117,Channel_Four_Films-PolyGram_Filmed_Entertainment-Working_Title_Films,Comedy-Drama-Romance
Higher_Learning,16295,49,6.4,en,127,Columbia_Pictures_Corporation-New_Deal_Productions,Romance-Drama-Crime
I_Like_It_Like_That,48992,4,6.3,en,104,Columbia_Pictures_Corporation-Think_Again_Productions-iRiot_of_Color,Comedy-Drama-Romance
I_Love_Trouble,10879,41,5.3,en,123,Caravan_Pictures-Touchstone_Pictures,Action-Comedy-Romance
It_Could_Happen_to_You,10660,154,6.1,en,101,TriStar_Pictures,Comedy-Drama-Romance
The_Jungle_Book,10714,107,5.9,en,111,Caravan_Pictures-Touchstone_Pictures,Adventure-Drama-Family
The_Wonderful_Horrible_Life_of_Leni_Riefenstahl,41647,5,7.3,en,180,Channel_Four_Films-Arte-Zweites_Deutsches_Fernsehen-Nomad_Films-iOmega_Film_GmbH-iWithout_Walls,Documentary-Foreign
The_Lion_King,8587,5520,8,en,89,Walt_Disney_Pictures-Walt_Disney_Feature_Animation,Family-Animation-Drama
Little_Buddha,1689,76,6,en,140,Miramax_Films,Drama-History
New_Nightmare,11596,297,6.4,en,112,New_Line_Cinema,Horror-Thriller-Mystery-Fantasy
The_Mask,854,2550,6.6,en,101,New_Line_Cinema-Dark_Horse_Entertainment,Romance-Comedy-Crime-Fantasy
Maverick,9359,490,6.6,en,127,Icon_Entertainment_International-Warner_Bros,Action-Adventure-Comedy-Drama-Western
Mrs_Parker_and_the_Vicious_Circle,23333,20,6.3,en,125,Fine_Line_Features-Miramax_Films,Drama
The_Naked_Gun_33_The_Final_Insult,36593,535,6.4,en,83,Paramount_Pictures,Comedy-Crime
The_Paper,12280,40,6.1,en,112,Imagine_Entertainment-Universal_Pictures,Comedy-Drama
Reality_Bites,2788,180,6.5,en,99,Universal_Pictures-Jersey_Films,Drama
Red_Rock_West,10427,71,6.4,en,98,Propaganda_Films-PolyGram_Filmed_Entertainment,Crime-Drama-Thriller
Richie_Rich,11011,426,5.4,en,95,Davis_Entertainment-Silver_Pictures-Warner_Bros,Comedy-Family
Safe_Passage,49803,7,4.9,en,98,New_Line_Cinema,Drama
The_River_Wild,8987,214,6.1,en,111,Universal_Pictures-David_Foster_Productions-Turman-Foster_Company,Action-Adventure-Crime-Thriller
Speed,1637,1814,6.8,en,116,Twentieth_Century_Fox_Film_Corporation,Action-Adventure-Crime
Speechless,15128,24,5.5,en,99,Metro-Goldwyn-Mayer,Comedy-Romance
Timecop,8831,288,5.5,en,99,Universal_Pictures-Renaissance_Pictures-Dark_Horse_Entertainment-Largo_Entertainment-Signature_Pictures-JVC_Entertainment_Networks,Thriller-Science_Fiction-Action-Crime
True_Lies,36955,1138,6.8,en,141,Twentieth_Century_Fox_Film_Corporation-Lightstorm_Entertainment,Action-Thriller
When_a_Man_Loves_a_Woman,10449,71,6,en,126,Touchstone_Pictures,Drama-Romance
Wolf,10395,221,6,en,125,Columbia_Pictures,Fantasy
Wyatt_Earp,12160,203,6.5,en,191,Tig_Productions-Warner_Bros-Kasdan_Pictures-iParagon_Entertainment_Corp,Drama-Action-Western
Bad_Company,40480,12,4.9,en,108,Touchstone_Pictures-Tool_Shed_Productions,Action-Crime-Romance-Thriller
A_Man_of_No_Importance,52038,2,6.5,en,99,BBC_Films-Majestic_Films_International-Little_Bird,Comedy-Drama
S_F_W,29444,22,6.1,en,96,Gramercy_Pictures-PolyGram_Filmed_Entertainment,Comedy-Drama
A_Low_Down_Dirty_Shame,26352,31,6,en,100,Caravan_Pictures-Hollywood_Pictures,Action-Comedy-Crime
Boys_Life_Three_Stories_of_Love_Lust_and_Liberation,39953,1,2,en,91,Strand_Releasing-Strand_Home_Video,Drama
Colonel_Chabert,41580,9,5.9,fr,110,Caravan_Pictures-Hollywood_Pictures,Drama
Faster_Pussycat_Kill,315,59,6.5,en,83,Eve_Productions_Inc,Action-Crime
Jasons_Lyric,22067,9,5.9,en,119,Metro-Goldwyn-Mayer,Crime-Drama-Romance
The_Secret_Adventures_of_Tom_Thumb,18242,8,7.1,en,61,Bolex_Brothers-Lumen_Films-Tara,Animation-Science_Fiction
Street_Fighter,11667,330,4.1,en,102,Universal_Pictures-Capcom,Action-Adventure-Thriller
Coldblooded,32502,13,6.7,en,92,Propaganda_Films-Motion_Picture_Corporation_of_America-iPolygram_Filmed_Entertainment-iSnowback_Productions,Action-Comedy
Fall_Time,28732,6,6.3,en,88,Live_Entertainment-Capitol_Films-Bates_Entertainmant,Action-Adventure-Crime-Drama-Thriller
The_Fear,75555,7,3.4,en,98,A-Pix_Entertainment-iDevin_Entertainment,Horror-Thriller
Frank_and_Ollie,42981,4,7.5,en,89,Walt_Disney_Pictures-Theodore_Thomas_Productions,Documentary
Girl_in_the_Cadillac,278939,1,10,en,89,Overseas_FilmGroup,Romance-Adventure-Crime-Drama
Homage,291731,0,0,en,97,Skyline_Entertainment_Partners-iArrow,Thriller-Drama
Mirage,226229,1,4,en,92,Overseas_FilmGroup,Action-Thriller
Open_Season,203119,0,0,en,97,Home_Box_Office-Frozen_Rope_Productions_Inc,Comedy
Brother_Minister_The_Assassination_of_Malcolm_X,316098,1,4,en,115,Overseas_FilmGroup,Documentary
Highlander_The_Final_Dimension,8011,110,4.5,en,99,Trans-Film-Initial_Groupe-iLumière_Pictures-iFallingcloud,Action-Fantasy-Science_Fiction
In_the_Mouth_of_Madness,2654,307,7.1,en,95,New_Line_Cinema,Horror-Mystery-Thriller
8_Seconds,18069,22,7.2,en,105,New_Line_Cinema,Drama-Romance
Above_the_Rim,19092,40,6.7,en,96,New_Line_Cinema,Crime-Drama
Addams_Family_Values,2758,537,6.5,en,94,Paramount_Pictures-Orion_Pictures-Scott_Rudin_Productions,Comedy-Family-Fantasy
Martin_Lawrence_You_So_Crazy,38129,4,4.5,en,84,HBO_Independent_Productions,Comedy
The_Age_of_Innocence,10436,172,7,en,139,Columbia_Pictures,Drama-Romance
Airheads,13595,222,5.8,en,92,Twentieth_Century_Fox_Film_Corporation-Island_World-Robert_Simonds_Productions,Comedy-Crime-Music
The_Air_Up_There,46094,42,5.1,en,107,Hollywood_Pictures-PolyGram_Filmed_Entertainment-Interscope_Communications-iNomura_Babcock_And_Brown-iNBB_Unit_One_Film_Partners-iLongview_Entertainment,Comedy-Family
Another_Stakeout,9409,58,4.9,en,105,Touchstone_Pictures,Action-Comedy
Bad_Girls,11853,61,4.6,en,99,Twentieth_Century_Fox_Film_Corporation-Ruddy_Morgan_Organization,Action-Adventure-Comedy-Drama-Western
Barcelona,16771,20,6.6,en,100,Fine_Line_FeaturesCastle_Rock_Entertainment-Barcelona_Films,Comedy-Drama-Romance
Being_Human,46924,15,5,en,122,Warner_Bros-Enigma_Productions-BSB-iNatWest_Ventures-iFujisankei,Drama-Comedy-Fantasy
The_Beverly_Hillbillies,11041,86,5,en,93,Twentieth_Century_Fox_Film_Corporation,Comedy
Beverly_Hills_Cop_3,306,445,5.5,en,104,Paramount_Pictures-Eddie_Murphy_Productions,Action-Comedy-Crime
Black_Beauty,14522,68,6.6,en,88,Warner_Bros,Action-Adventure-Drama-Family
Blink,26203,45,6.3,en,106,New_Line_Cinema,Mystery-Crime-Drama-Thriller
Blown_Away,178,126,6,en,121,Trilogy_Entertainment_Group-Metro-Goldwyn-Mayer,Drama-Action-Thriller
Blue_Chips,19819,41,5.7,en,108,Paramount_Pictures,Drama
Blue_Sky,57834,28,6.1,en,101,Orion_Pictures_Corporation-iHeathrow_Productions,Drama-Romance
Body_Snatchers,4722,102,5.8,en,87,Warner_Bros-Dorset_Productions-iRobert_H_Solo_Productions,Horror-Science_Fiction-Thriller
Boxing_Helena,18215,59,4.5,en,107,Mainline_Pictures,Drama-Romance
A_Bronx_Tale,1607,447,7.4,en,121,HBO_Films-Savoy_Pictures,Drama-Crime
Cabin_Boy,26391,28,4.9,en,80,Touchstone_Pictures,Comedy
Calendar_Girl,117553,10,3.7,en,90,Columbia_Pictures-Parkway_Productions,Drama-Comedy
Carlitos_Way,6075,805,7.7,en,144,Universal_Pictures-Epic_Productions-Bregman_And_Baer_Productions,Action-Crime-Drama-Thriller
City_Slickers_2_The_Legend_of_Curlys_Gold,11310,103,4.9,en,116,Columbia_Pictures-Castle_Rock_Entertainment,Action-Comedy-Drama-Western
Clean_Slate,18658,25,5.7,en,107,Metro-Goldwyn-Mayer,Comedy-Thriller-Mystery
Cliffhanger,9350,600,6.1,en,112,TriStar_Pictures-Canal-Carolco_Pictures-iRCS_Video-iCliffhanger_Productions-iPioneer,Action-Adventure-Thriller
Coneheads,9612,228,4.8,en,88,Paramount_Pictures,Comedy-Science_Fiction-Family
Color_of_Night,2124,117,5.4,en,121,Hollywood_Pictures-Cinergi_Pictures_Entertainment,Drama-Mystery-Romance-Thriller
Cops_And_Robbersons,26261,36,5,en,93,TriStar_Pictures,Action-Comedy-Family
The_Cowboy_Way,19176,38,5.1,en,102,Imagine_Entertainment-Universal_Pictures,Western-Action-Comedy
Dangerous_Game,49299,9,5.4,en,108,Metro-Goldwyn-Mayer-Maverick_Picture_Company-iCecchi_Gori_Europa-iEye_Productions-iPentamerica,Drama
Dave,11566,205,6.3,en,110,Donner_And_Shuler-Donner_Productions-Warner_Bros-Northern_Lights_Entertainment,Comedy
Dazed_and_Confused,9571,588,7.4,en,102,Gramercy_Pictures-Alphaville_Productions-The_Criterion_Collection,Comedy-Drama
Demolition_Man,9739,1018,6.4,en,115,Silver_Pictures-Warner_Bros,Crime-Action-Science_Fiction
The_Endless_Summer_2,24257,12,7.1,en,109,Imagine_Entertainment-Universal_Pictures,Documentary
Even_Cowgirls_Get_the_Blues,34444,29,4.2,en,96,Fine_Line_Features,Western-Drama-Comedy-Romance
Fatal_Instinct,26141,37,5.4,en,91,Metro-Goldwyn-Mayer,Comedy
Farewell_My_Concubine,10997,98,7.8,zh,171,Beijing_Film_Studio-China_Film_Co-Production_Corporation-Maverick_Picture_Company,Drama
The_Favor,50463,6,3.3,en,97,Orion_Pictures-Nelson_Entertainment,Drama-Comedy-Romance
Fearless,10443,80,6.8,en,122,Spring_Creek_Productions-Warner_Bros,Drama
Fear_of_a_Black_Hat,20239,11,5.8,en,88,Metro-Goldwyn-Mayer,Comedy
With_Honors,16297,54,6.1,en,103,Spring_Creek_Productions-Warner_Bros,Comedy-Drama
Flesh_and_Bone,18551,22,6.2,en,126,Paramount_Pictures-Spring_Creek_Productions-Mirage,Drama-Mystery-Romance
Widows_Peak,25440,3,4.3,en,101,Fine_Line_Features,Comedy-Thriller-Mystery-Romance-Foreign
For_Love_or_Money,9024,77,5.7,en,94,Universal_Studios-Imagine_Entertainment,Comedy-Romance
The_Firm,37233,513,6.6,en,154,Paramount_Pictures-Mirage_Enterprises-Davis_Entertainment,Drama-Mystery-Thriller
Free_Willy,1634,429,6,en,112,Canal_Plus-Regency_Enterprises-Alcor_Films-Warner_Bros-Donner_And_Shuler-Donner_Productions,Family-Adventure
Fresh,13815,56,7.6,en,114,Miramax_Films,Crime-Drama-Thriller
The_Fugitive,5503,1240,7.2,en,130,Warner_Bros,Adventure-Action-Thriller-Crime-Mystery
Geronimo_An_American_Legend,35588,44,5.9,en,115,Columbia_Pictures,History-Action-Drama-Western
The_Getaway,2087,81,5.4,en,115,Universal_Pictures-Largo_Entertainment,Drama-Action-Thriller
Getting_Even_with_Dad,41579,43,4.5,en,109,Metro-Goldwyn-Mayer,Family-Comedy-Crime
Go_Fish,18620,5,3.9,en,83,Killer_Films-The_Samuel_Goldwyn_Company-Can_I_Watch-iIslet-iKPVI,Drama-Romance
A_Good_Man_in_Africa,41006,11,5.2,en,94,Gramercy_Pictures,Comedy-Drama
Guilty_as_Sin,4916,21,5.6,en,107,Hollywood_Pictures,Drama-Thriller
Hard_Target,2019,237,6.1,en,97,Universal_Pictures-Renaissance_Pictures-Alphaville_Films,Action-Adventure-Crime-Thriller
Heaven_And_Earth,31642,51,6.4,en,140,Regency_Enterprises-Warner_Bros,History-War-Action-Drama
Hot_Shots_Part_Deux,9255,463,6.2,en,86,Twentieth_Century_Fox_Film_Corporation-Sidley_Wright_And_Associates,Action-Comedy-War
Live_Nude_Girls,26271,12,4.7,en,95,Spelling_Entertainment-IRS_Media-Republic_Pictures,Comedy
The_Englishman_Who_Went_Up_a_Hill_But_Came_Down_a_Mountain,10612,83,6.1,en,99,Miramax_Films-Parallax_Pictures,Drama-Comedy-Romance
The_House_of_the_Spirits,2259,135,6.7,en,140,Det_Danske_Filminstitut-Spring_Creek_Productions-Eurimages-Costa_do_Castelo_Filmes-iNeue_Constantin_Film-iHouse_of_Spirits_Film,Romance-Drama
House_Party_3,16097,11,4.6,en,100,Miramax_Films-Parallax_Pictures,Comedy
The_Hudsucker_Proxy,11934,280,7.1,en,111,PolyGram_Filmed_Entertainment-Silver_Pictures-Warner_Bros-Working_Title_Films-iPolyGram_Filmproduktion,Comedy-Drama
Ill_Do_Anything,106143,18,5.7,en,115,Gracie_Films-Columbia_Pictures_Corporation,Comedy-Drama
In_the_Army_Now,12475,54,4.7,en,91,Hollywood_Pictures,Comedy
In_the_Line_of_Fire,9386,392,6.8,en,128,Castle_Rock_Entertainment-Columbia_Pictures_Corporation,_Action-Drama-Thriller-Crime-Mystery
In_the_of_the_Father,7984,363,7.6,en,133,Universal_Pictures-Hells_Kitchen_Films,Drama
The_Inkwell,59930,5,3.9,en,110,Touchstone_Pictures,Comedy-Drama-Romance
Whats_Love_Got_to_Do_with_It,15765,75,6.9,en,118,Touchstone_Pictures,Drama-Music
Jimmy_Hollywood,31643,17,4.6,en,112,Paramount_Pictures-Baltimore_Pictures,Comedy
Judgment_Night,6,79,6.4,en,110,Universal_Pictures-Largo_Entertainment-JVC_Entertainment_Networks,Action-Thriller-Crime
Jurassic_Park,329,4956,7.6,en,127,Universal_Pictures-Amblin_Entertainment,Adventure-Science_Fiction
Kalifornia,10909,209,6.5,en,117,Propaganda_Films-Kouf-And-Bigelow_Productions,Thriller-Crime
Killing_Zoe,507,111,6.1,en,96,Live_Entertainment,Action-Crime-Drama-Thriller
King_of_the_Hill,34024,33,6.4,en,103,Gramercy_Pictures,Drama
Lassie,29918,54,6.1,en,94,Paramount_Pictures,Action-Adventure-Drama-Family
Last_Action_Hero,9593,725,6.1,en,130,Columbia_Pictures_Corporation-Oak_Productions,Adventure-Fantasy-Action-Comedy-Family
Life_With_Mikey,42580,24,5.1,en,91,Touchstone_Pictures,Comedy-Family
Lightning_Jack,22317,40,5.7,en,98,Savoy_Pictures,Action-Comedy-Western
M_Butterfly,1413,35,6.6,en,101,Geffen_Pictures-Warner_Bros,Drama-Romance
Made_in_America,12121,86,5.3,en,111,Regency_Enterprises-Warner_Bros,Comedy
Malice,2246,105,5.9,en,107,Columbia_Pictures-New_Line_Cinema-Castle_Rock_Entertainment-Nelvana_Limited,Drama-Crime
The_Man_without_a_Face,10502,125,6.2,en,114,Icon_Entertainment_International-Warner_Bros,Drama
Manhattan_Murder_Mystery,10440,169,7.1,en,104,TriStar_Pictures,Comedy-Mystery
Menace_2_Society,9516,179,7.2,en,97,New_Line_Cinema,Drama-Action-Crime
Executive_Decision,2320,261,5.8,en,133,Silver_Pictures-Warner_Bros,Action-Adventure-Drama-Thriller
In_the_Realm_of_the_Senses,5879,112,6.5,ja,105,Argos_Films-Oshima_Productions-iShibata_Organisation,Drama-Romance
What_Happened_Was,83718,7,7,en,91,The_Samuel_Goldwyn_Company-Good_Machine,Thriller-Comedy-Drama-Romance
Much_Ado_About_Nothing,11971,194,7.2,en,111,Renaissance_Films-American_Playhouse_Theatrical_Films,Drama-Comedy-Romance
Mr_Jones,2625,35,5.9,en,114,TriStar_Pictures-Rastar_Films,Drama-Romance
Mr_Wonderful,31911,11,5.5,en,98,Warner_Bros-The_Samuel_Goldwyn_Company-Night_Life_Inc,Comedy-Romance
Mrs_Doubtfire,788,1638,7,en,125,Twentieth_Century_Fox_Film_Corporation-Blue_Wolf,Comedy-Drama-Family
Naked,21450,105,7.5,en,131,Thin_Man_Films-iThe_Criterion_Collection,Comedy-Drama
The_Next_Karate_Kid,11231,202,4.8,en,107,Columbia_Pictures_Corporation,Adventure
The_New_Age,41588,5,4.8,en,112,Regency_Enterprises-Alcor_Films-Ixtlan-Warner_Bros-New_Regency_Pictures,Comedy-Drama
